{"cameraMode":{"drawMode":0,"name":"Shaded","section":"Shading Mode"},"sceneLighting":false,"audioPlay":false,"sceneViewState":{"m_AlwaysRefresh":false,"showFog":true,"showSkybox":true,"showFlares":true,"showImageEffects":true,"showParticleSystems":true,"showVisualEffectGraphs":true,"m_FxEnabled":true},"in2DMode":false,"pivot":{"x":264.99993896484377,"y":0.6675909161567688,"z":356.99591064453127},"rotation":{"x":-0.1040816456079483,"y":0.8852196335792542,"z":-0.23929718136787415,"w":-0.3851636052131653},"size":0.8660253882408142,"orthographic":true}