{"cameraMode":{"drawMode":0,"name":"Shaded","section":"Shading Mode"},"sceneLighting":false,"audioPlay":false,"sceneViewState":{"m_AlwaysRefresh":false,"showFog":true,"showSkybox":false,"showFlares":true,"showImageEffects":true,"showParticleSystems":true,"showVisualEffectGraphs":true,"m_FxEnabled":true},"in2DMode":false,"pivot":{"x":269.4700927734375,"y":0.41520512104034426,"z":351.4516296386719},"rotation":{"x":-0.09252357482910156,"y":0.7263224124908447,"z":-0.09978648275136948,"w":-0.6737892031669617},"size":1.7540167570114136,"orthographic":true}