{"cameraMode":{"drawMode":0,"name":"Shaded","section":"Shading Mode"},"sceneLighting":true,"audioPlay":false,"sceneViewState":{"m_AlwaysRefresh":false,"showFog":true,"showSkybox":true,"showFlares":true,"showImageEffects":true,"showParticleSystems":true,"showVisualEffectGraphs":true,"m_FxEnabled":true},"in2DMode":false,"pivot":{"x":122.14798736572266,"y":25.635257720947267,"z":419.81915283203127},"rotation":{"x":0.001661778544075787,"y":0.8644145131111145,"z":-0.5027779340744019,"w":0.0028516866732388736},"size":727.4616088867188,"orthographic":false}