{"cameraMode":{"drawMode":0,"name":"Shaded","section":"Shading Mode"},"sceneLighting":false,"audioPlay":false,"sceneViewState":{"m_AlwaysRefresh":false,"showFog":true,"showSkybox":false,"showFlares":true,"showImageEffects":true,"showParticleSystems":true,"showVisualEffectGraphs":true,"m_FxEnabled":true},"in2DMode":false,"pivot":{"x":271.9537048339844,"y":0.5190567970275879,"z":356.7147216796875},"rotation":{"x":-0.013214495033025742,"y":0.9847566485404968,"z":-0.15034610033035279,"w":-0.0867796316742897},"size":1.7133082151412964,"orthographic":true}