{"cameraMode":{"drawMode":0,"name":"Shaded","section":"Shading Mode"},"sceneLighting":false,"audioPlay":false,"sceneViewState":{"m_AlwaysRefresh":false,"showFog":true,"showSkybox":false,"showFlares":true,"showImageEffects":true,"showParticleSystems":true,"showVisualEffectGraphs":true,"m_FxEnabled":true},"in2DMode":false,"pivot":{"x":262.7088623046875,"y":0.8999802470207214,"z":353.28594970703127},"rotation":{"x":0.15531325340270997,"y":0.6691856980323792,"z":-0.14600156247615815,"w":0.7118776440620422},"size":3.4073450565338136,"orthographic":false}