{"cameraMode":{"drawMode":0,"name":"Shaded","section":"Shading Mode"},"sceneLighting":false,"audioPlay":false,"sceneViewState":{"m_AlwaysRefresh":false,"showFog":true,"showSkybox":false,"showFlares":true,"showImageEffects":true,"showParticleSystems":true,"showVisualEffectGraphs":true,"m_FxEnabled":true},"in2DMode":false,"pivot":{"x":271.3291931152344,"y":0.5344365835189819,"z":348.9190979003906},"rotation":{"x":-0.013214495033025742,"y":0.9847566485404968,"z":-0.15034610033035279,"w":-0.0867796316742897},"size":1.8938077688217164,"orthographic":true}